{"login":"admin-main","password":"admin123","mapa_eventos":{"EVT-001":{"id":"EVT-001","fecha":"2025-03-15T00:00:00-05","tipoEvento":"Concierto","estadoEvento":"Programado","sobrecargo":0.1,"venues":[{"id":"VEN-001","nombre":"Teatro Central Bogotá","ubicacion":"Cra 7 #24-89, Bogotá","capacidadMax":1200,"restriccionesUso":"No se permiten eventos después de la 1 a.m.","aprobado":true,"localidades":[{"id":"LOC-PLATEA-001","nombre":"Platea Baja","numerada":true,"precioBase":180000.0,"capacidad":200,"tiquetes":[{"sobrecargo_porcentual_servicio":0.1,"cuota_fija":8000.0,"identificador":"TCK-0001","fecha":"2025-03-15T00:00:00-05","hora":20,"precio":220000.0,"esTransferible":true,"estaVendido":true},{"sobrecargo_porcentual_servicio":0.1,"cuota_fija":8000.0,"identificador":"TCK-0002","fecha":"2025-03-15T00:00:00-05","hora":20,"precio":220000.0,"esTransferible":true,"estaVendido":false}]},{"id":"LOC-VIP-001","nombre":"Palcos VIP","numerada":false,"precioBase":350000.0,"capacidad":80,"tiquetes":[{"sobrecargo_porcentual_servicio":0.15,"cuota_fija":12000.0,"identificador":"TCK-0003","fecha":"2025-03-20T00:00:00-05","hora":21,"precio":380000.0,"esTransferible":false,"estaVendido":true}]}]}]},"EVT-002":{"id":"EVT-002","fecha":"2025-04-10T00:00:00-05","tipoEvento":"Teatro","estadoEvento":"Programado","sobrecargo":0.08,"venues":[{"id":"VEN-001","nombre":"Teatro Central Bogotá","ubicacion":"Cra 7 #24-89, Bogotá","capacidadMax":1200,"restriccionesUso":"No se permiten eventos después de la 1 a.m.","aprobado":true,"localidades":[{"id":"LOC-PLATEA-001","nombre":"Platea Baja","numerada":true,"precioBase":180000.0,"capacidad":200,"tiquetes":[]}]}]}},"mapa_venues":{"VEN-001":{"id":"VEN-001","nombre":"Teatro Central Bogotá","ubicacion":"Cra 7 #24-89, Bogotá","capacidadMax":1200,"restriccionesUso":"No se permiten eventos después de la 1 a.m.","aprobado":true,"localidades":[{"id":"LOC-PLATEA-001","nombre":"Platea Baja","numerada":true,"precioBase":180000.0,"capacidad":200,"tiquetes":[{"sobrecargo_porcentual_servicio":0.1,"cuota_fija":8000.0,"identificador":"TCK-0001","fecha":"2025-03-15T00:00:00-05","hora":20,"precio":220000.0,"esTransferible":true,"estaVendido":true},{"sobrecargo_porcentual_servicio":0.1,"cuota_fija":8000.0,"identificador":"TCK-0002","fecha":"2025-03-15T00:00:00-05","hora":20,"precio":220000.0,"esTransferible":true,"estaVendido":false}]},{"id":"LOC-VIP-001","nombre":"Palcos VIP","numerada":false,"precioBase":350000.0,"capacidad":80,"tiquetes":[{"sobrecargo_porcentual_servicio":0.15,"cuota_fija":12000.0,"identificador":"TCK-0003","fecha":"2025-03-20T00:00:00-05","hora":21,"precio":380000.0,"esTransferible":false,"estaVendido":true}]}]}},"mapa_solicitudes":{"EVT-001":"Baja demanda de entradas, se solicita cancelación del concierto.","EVT-002":"Problemas logísticos con el venue, se solicita cancelar la función."},"mapa_venues_sugeridos":{"VEN-002":{"id":"VEN-002","nombre":"Auditorio Unialpes","ubicacion":"Av. Siempre Viva 123, Bogotá","capacidadMax":500,"restriccionesUso":"Solo eventos académicos entre 8 a.m. y 9 p.m.","aprobado":false,"localidades":[]}}}