{
  "login": "admin-main",
  "password": "admin123",

  "mapa_clientes": {
    "cliente1": {
      "login": "c1",
      "password": "p1",
      "saldoPlataforma": 500000.0,
      "tiquetes": [],
      "solicitudes_market_place": {}
    },
    "cliente2": {
      "login": "c2",
      "password": "p2",
      "saldoPlataforma": 350000.0,
      "tiquetes": [],
      "solicitudes_market_place": {}
    }
  },

  "mapa_eventos": {
    "EVT-001": {
      "id": "EVT-001",
      "fecha": "2025-03-15",
      "tipoEvento": "Concierto",
      "estadoEvento": "Programado",
      "sobrecargo": 0.10,
      "venues": [
        {
          "id": "VEN-001",
          "nombre": "Teatro Central Bogotá",
          "ubicacion": "Cra 7 #24-89, Bogotá",
          "capacidadMax": 1200,
          "restriccionesUso": "No se permiten eventos después de la 1 a.m.",
          "aprobado": true,
          "localidades": [
            {
              "id": "LOC-PLATEA-001",
              "nombre": "Platea Baja",
              "numerada": true,
              "precioBase": 180000.0,
              "capacidad": 200,
              "tiquetes": [
                {
                  "identificador": "TCK-0001",
                  "sobrecargo_porcentual_servicio": 0.10,
                  "cuota_fija": 8000.0,
                  "fecha": "2025-03-15",
                  "hora": 20,
                  "precio": 220000.0,
                  "esTransferible": true,
                  "estaVendido": true,
                  "tiquetesMultiplesPalcoIds": []
                },
                {
                  "identificador": "TCK-0002",
                  "sobrecargo_porcentual_servicio": 0.10,
                  "cuota_fija": 8000.0,
                  "fecha": "2025-03-15",
                  "hora": 20,
                  "precio": 220000.0,
                  "esTransferible": true,
                  "estaVendido": false,
                  "tiquetesMultiplesPalcoIds": []
                }
              ]
            },
            {
              "id": "LOC-VIP-001",
              "nombre": "Palcos VIP",
              "numerada": false,
              "precioBase": 350000.0,
              "capacidad": 80,
              "tiquetes": [
                {
                  "identificador": "TCK-0003",
                  "sobrecargo_porcentual_servicio": 0.15,
                  "cuota_fija": 12000.0,
                  "fecha": "2025-03-20",
                  "hora": 21,
                  "precio": 380000.0,
                  "esTransferible": false,
                  "estaVendido": true,
                  "tiquetesMultiplesPalcoIds": ["TMP-001"]
                }
              ]
            }
          ]
        }
      ]
    },
    "EVT-002": {
      "id": "EVT-002",
      "fecha": "2025-04-10",
      "tipoEvento": "Teatro",
      "estadoEvento": "Programado",
      "sobrecargo": 0.08,
      "venues": [
        {
          "id": "VEN-001",
          "nombre": "Teatro Central Bogotá",
          "ubicacion": "Cra 7 #24-89, Bogotá",
          "capacidadMax": 1200,
          "restriccionesUso": "No se permiten eventos después de la 1 a.m.",
          "aprobado": true,
          "localidades": [
            {
              "id": "LOC-PLATEA-001",
              "nombre": "Platea Baja",
              "numerada": true,
              "precioBase": 180000.0,
              "capacidad": 200,
              "tiquetes": []
            }
          ]
        }
      ]
    }
  },

  "mapa_venues": {
    "VEN-001": {
      "id": "VEN-001",
      "nombre": "Teatro Central Bogotá",
      "ubicacion": "Cra 7 #24-89, Bogotá",
      "capacidadMax": 1200,
      "restriccionesUso": "No se permiten eventos después de la 1 a.m.",
      "aprobado": true,
      "localidades": [
        {
          "id": "LOC-PLATEA-001",
          "nombre": "Platea Baja",
          "numerada": true,
          "precioBase": 180000.0,
          "capacidad": 200,
          "tiquetes": [
            {
              "identificador": "TCK-0001",
              "sobrecargo_porcentual_servicio": 0.10,
              "cuota_fija": 8000.0,
              "fecha": "2025-03-15",
              "hora": 20,
              "precio": 220000.0,
              "esTransferible": true,
              "estaVendido": true,
              "tiquetesMultiplesPalcoIds": []
            },
            {
              "identificador": "TCK-0002",
              "sobrecargo_porcentual_servicio": 0.10,
              "cuota_fija": 8000.0,
              "fecha": "2025-03-15",
              "hora": 20,
              "precio": 220000.0,
              "esTransferible": true,
              "estaVendido": false,
              "tiquetesMultiplesPalcoIds": []
            }
          ]
        },
        {
          "id": "LOC-VIP-001",
          "nombre": "Palcos VIP",
          "numerada": false,
          "precioBase": 350000.0,
          "capacidad": 80,
          "tiquetes": [
            {
              "identificador": "TCK-0003",
              "sobrecargo_porcentual_servicio": 0.15,
              "cuota_fija": 12000.0,
              "fecha": "2025-03-20",
              "hora": 21,
              "precio": 380000.0,
              "esTransferible": false,
              "estaVendido": true,
              "tiquetesMultiplesPalcoIds": ["TMP-001"]
            }
          ]
        }
      ]
    }
  },

  "mapa_localidades": {
    "LOC-PLATEA-001": {
      "id": "LOC-PLATEA-001",
      "nombre": "Platea Baja",
      "numerada": true,
      "precioBase": 180000.0,
      "capacidad": 200,
      "tiquetes": [
        {
          "identificador": "TCK-0001",
          "sobrecargo_porcentual_servicio": 0.10,
          "cuota_fija": 8000.0,
          "fecha": "2025-03-15",
          "hora": 20,
          "precio": 220000.0,
          "esTransferible": true,
          "estaVendido": true,
          "tiquetesMultiplesPalcoIds": []
        },
        {
          "identificador": "TCK-0002",
          "sobrecargo_porcentual_servicio": 0.10,
          "cuota_fija": 8000.0,
          "fecha": "2025-03-15",
          "hora": 20,
          "precio": 220000.0,
          "esTransferible": true,
          "estaVendido": false,
          "tiquetesMultiplesPalcoIds": []
        }
      ]
    },
    "LOC-VIP-001": {
      "id": "LOC-VIP-001",
      "nombre": "Palcos VIP",
      "numerada": false,
      "precioBase": 350000.0,
      "capacidad": 80,
      "tiquetes": [
        {
          "identificador": "TCK-0003",
          "sobrecargo_porcentual_servicio": 0.15,
          "cuota_fija": 12000.0,
          "fecha": "2025-03-20",
          "hora": 21,
          "precio": 380000.0,
          "esTransferible": false,
          "estaVendido": true,
          "tiquetesMultiplesPalcoIds": ["TMP-001"]
        },
        {
          "identificador": "TCK-0008",
          "sobrecargo_porcentual_servicio": 0.15,
          "cuota_fija": 12000.0,
          "fecha": "2025-03-20",
          "hora": 21,
          "precio": 380000.0,
          "esTransferible": false,
          "estaVendido": true,
          "tiquetesMultiplesPalcoIds": ["TMP-001"]
        }
      ]
    }
  },

  "mapa_solicitudes": {
    "EVT-001": "Baja demanda de entradas, se solicita cancelación del concierto.",
    "EVT-002": "Problemas logísticos con el venue, se solicita cancelar la función."
  },

  "mapa_venues_sugeridos": {
    "VEN-002": {
      "id": "VEN-002",
      "nombre": "Auditorio Unialpes",
      "ubicacion": "Av. Siempre Viva 123, Bogotá",
      "capacidadMax": 500,
      "restriccionesUso": "Solo eventos académicos entre 8 a.m. y 9 p.m.",
      "aprobado": false,
      "localidades": []
    }
  },

  "log_registros": {
    "1": {
      "admin": {
        "login": "admin-main",
        "password": "admin123"
      },
      "parte_1": {
        "login": "c1",
        "password": "p1",
        "saldoPlataforma": 500000.0,
        "tiquetes": [],
        "solicitudes_market_place": {}
      },
      "parte_2": {
        "login": "c2",
        "password": "p2",
        "saldoPlataforma": 350000.0,
        "tiquetes": [],
        "solicitudes_market_place": {}
      },
      "fechaHora": "2025-03-10T14:30:00",
      "esta_activa": true,
      "id": 1,
      "tiquet_ope": {
        "identificador": "TCK-0002",
        "sobrecargo_porcentual_servicio": 0.10,
        "cuota_fija": 8000.0,
        "fecha": "2025-03-15",
        "hora": 20,
        "precio": 220000.0,
        "esTransferible": true,
        "estaVendido": false,
        "tiquetesMultiplesPalcoIds": []
      }
    },
    "2": {
      "admin": {
        "login": "admin-main",
        "password": "admin123"
      },
      "parte_1": {
        "login": "c2",
        "password": "p2",
        "saldoPlataforma": 350000.0,
        "tiquetes": [],
        "solicitudes_market_place": {}
      },
      "parte_2": {
        "login": "c1",
        "password": "p1",
        "saldoPlataforma": 500000.0,
        "tiquetes": [],
        "solicitudes_market_place": {}
      },
      "fechaHora": "2025-03-11T16:45:00",
      "esta_activa": false,
      "id": 2,
      "tiquet_ope": {
        "identificador": "TCK-0003",
        "sobrecargo_porcentual_servicio": 0.15,
        "cuota_fija": 12000.0,
        "fecha": "2025-03-20",
        "hora": 21,
        "precio": 380000.0,
        "esTransferible": false,
        "estaVendido": true,
        "tiquetesMultiplesPalcoIds": ["TMP-001"]
      }
    }
  },

  "clientes_inscritos_marketplace": {
    "c1": {
      "login": "c1",
      "password": "p1",
      "saldoPlataforma": 500000.0,
      "tiquetes": [],
      "solicitudes_market_place": {}
    },
    "c2": {
      "login": "c2",
      "password": "p2",
      "saldoPlataforma": 350000.0,
      "tiquetes": [],
      "solicitudes_market_place": {}
    }
  },

  "solicitudes_promotor_marketplace": {
    "org-pendiente-01": {
      "login": "org1",
      "password": "orgpass1"
    }
  },

  "promotor_inscritos_marketplace": {
    "org-aprobado-01": {
      "login": "orgAprobado",
      "password": "ok123"
    }
  }
}
