[
  {
    "login": "c9",
    "password": "p9",
    "saldoPlataforma": 0.0,
    "tiquetes": [],
    "solicitudes_market_place": {}
  },
  {
    "login": "cliente2",
    "password": "claveC2",
    "saldoPlataforma": 250000.0,
    "tiquetes": [
      {
        "sobrecargo_porcentual_servicio": 0.1,
        "cuota_fija": 8000.0,
        "identificador": "TCK-0002",
        "fecha": "2025-03-15T00:00:00-05",
        "hora": 20,
        "precio": 220000.0,
        "esTransferible": true,
        "estaVendido": false
      },
      {
        "sobrecargo_porcentual_servicio": 0.15,
        "cuota_fija": 12000.0,
        "identificador": "TCK-0004",
        "fecha": "2025-03-20T00:00:00-05",
        "hora": 21,
        "precio": 380000.0,
        "esTransferible": false,
        "estaVendido": true
      },
      {
        "sobrecargo_porcentual_servicio": 0.12,
        "cuota_fija": 10000.0,
        "identificador": "TCK-0006",
        "fecha": "2025-04-01T00:00:00-05",
        "hora": 19,
        "precio": 180000.0,
        "esTransferible": true,
        "estaVendido": false
      }
    ],
    "solicitudes_market_place": {}
  },
  {
    "login": "c1",
    "password": "p1",
    "saldoPlataforma": 500000.0,
    "tiquetes": [
      {
        "sobrecargo_porcentual_servicio": 0.1,
        "cuota_fija": 8000.0,
        "identificador": "TCK-0001",
        "fecha": "2025-03-15T00:00:00-05",
        "hora": 20,
        "precio": 220000.0,
        "esTransferible": true,
        "estaVendido": true
      },
      {
        "sobrecargo_porcentual_servicio": 0.15,
        "cuota_fija": 12000.0,
        "identificador": "TCK-0003",
        "fecha": "2025-03-20T00:00:00-05",
        "hora": 21,
        "precio": 380000.0,
        "esTransferible": false,
        "estaVendido": true
      },
      {
        "sobrecargo_porcentual_servicio": 0.12,
        "cuota_fija": 10000.0,
        "identificador": "TCK-0005",
        "fecha": "2025-04-01T00:00:00-05",
        "hora": 19,
        "precio": 180000.0,
        "esTransferible": true,
        "estaVendido": true
      }
    ],
    "solicitudes_market_place": {}
  }
]
