[
  {
    "identificador": "TEMP-PASS-001",
    "precio": 220000,
    "cargo_porcentual_servicio": 0.12,
    "cuota_fija": 3000.0,
    "fecha": "2025-04-10T19:00:00",
    "hora": 19,
    "esTransferible": true,
    "multiEvento": null
  },
  {
    "identificador": "TEMP-PASS-002",
    "precio": 150000,
    "cargo_porcentual_servicio": 0.08,
    "cuota_fija": 2500.0,
    "fecha": "2025-07-01T21:30:00",
    "hora": 21,
    "esTransferible": false,
    "multiEvento": null
  }
]
