[
  {
    "identificador": "TCK-0001",
    "sobrecargo_porcentual_servicio": 0.10,
    "cuota_fija": 8000.0,
    "fecha": "2025-03-15",
    "hora": 20,
    "precio": 220000.0,
    "esTransferible": true,
    "estaVendido": true,
    "tiquetesMultiplesPalcoIds": []
  },
  {
    "identificador": "TCK-0002",
    "sobrecargo_porcentual_servicio": 0.10,
    "cuota_fija": 8000.0,
    "fecha": "2025-03-15",
    "hora": 20,
    "precio": 220000.0,
    "esTransferible": true,
    "estaVendido": false,
    "tiquetesMultiplesPalcoIds": []
  },
  {
    "identificador": "TCK-0003",
    "sobrecargo_porcentual_servicio": 0.15,
    "cuota_fija": 12000.0,
    "fecha": "2025-03-20",
    "hora": 21,
    "precio": 380000.0,
    "esTransferible": false,
    "estaVendido": true,
    "tiquetesMultiplesPalcoIds": ["TMP-001"]
  },
  {
    "identificador": "TCK-0004",
    "sobrecargo_porcentual_servicio": 0.15,
    "cuota_fija": 12000.0,
    "fecha": "2025-03-20",
    "hora": 21,
    "precio": 380000.0,
    "esTransferible": false,
    "estaVendido": true,
    "tiquetesMultiplesPalcoIds": ["TMP-001"]
  },
  {
    "identificador": "TCK-0005",
    "sobrecargo_porcentual_servicio": 0.12,
    "cuota_fija": 10000.0,
    "fecha": "2025-04-01",
    "hora": 19,
    "precio": 180000.0,
    "esTransferible": true,
    "estaVendido": true,
    "tiquetesMultiplesPalcoIds": ["TMP-002"]
  },
  {
    "identificador": "TCK-0006",
    "sobrecargo_porcentual_servicio": 0.12,
    "cuota_fija": 10000.0,
    "fecha": "2025-04-01",
    "hora": 19,
    "precio": 180000.0,
    "esTransferible": true,
    "estaVendido": false,
    "tiquetesMultiplesPalcoIds": ["TMP-002"]
  }
]
