[
  {
    "identificador": "DELUXE-PASS-001",
    "precio": 350000,
    "cargo_porcentual_servicio": 0.15,
    "cuota_fija": 5000.0,
	"fecha": "2025-03-15T20:00:00",
    "hora": 20,
    "mercancia_extra": "Camiseta oficial + Llavero conmemorativo",
    "esTransferible": true,
    "multiEvento": null
  },
  {
    "identificador": "DELUXE-PASS-002",
    "precio": 600000,
    "cargo_porcentual_servicio": 0.10,
    "cuota_fija": 8000.0,
	"fecha": "2025-03-15T20:00:00",
    "hora": 18,
    "mercancia_extra": "Poster firmado + Gorro edición especial",
    "esTransferible": false,
    "multiEvento": null
  }
]
